{
  "MenuItems": [
    {
      "DisplayName": "Dashboard",
      "MaterialIcon": "dashboard",
      "Link": "/ServiceRequests/Dashboard/Dashboard",
      "IsNested": false,
      "Sequence": 1,
      "UserRoles": [ "User", "Engineer", "Admin" ],
      "NestedItems": []
    },
    {
      "DisplayName": "User Administration",
      "MaterialIcon": "supervisor_account",
      "Link": "",
      "IsNested": true,
      "Sequence": 2,
      "UserRoles": [ "Admin" ],
      "NestedItems": [
        {
          "DisplayName": "Customers",
          "MaterialIcon": "account_box",
          "Link": "/Accounts/Account/Customers",
          "IsNested": false,
          "Sequence": 1,
          "UserRoles": [ "Admin" ],
          "NestedItems": []
        },
        {
          "DisplayName": "Service Engineers",
          "MaterialIcon": "person_add",
          "Link": "/Accounts/Account/ServiceEngineers",
          "IsNested": false,
          "Sequence": 2,
          "UserRoles": [ "Admin" ],
          "NestedItems": []
        }
      ]
    },
    {
      "DisplayName": "Service Requests",
      "MaterialIcon": "perm_data_setting",
      "Link": "/ServiceRequests/Dashboard/Dashboard",
      "IsNested": false,
      "Sequence": 3,
      "UserRoles": [ "User", "Engineer", "Admin" ],
      "NestedItems": []
    },
    {
      "DisplayName": "Service Notifications",
      "MaterialIcon": "message",
      "Link": "/ServiceRequests/Dashboard/Dashboard",
      "IsNested": false,
      "Sequence": 4,
      "UserRoles": [ "User", "Engineer", "Admin" ],
      "NestedItems": []
    },
    {
      "DisplayName": "Promotions",
      "MaterialIcon": "inbox",
      "Link": "/ServiceRequests/Dashboard/Dashboard",
      "IsNested": false,
      "Sequence": 5,
      "UserRoles": [ "User", "Engineer", "Admin" ],
      "NestedItems": []
    },
    {
      "DisplayName": "Master Data",
      "MaterialIcon": "perm_data_setting",
      "Link": "",
      "IsNested": true,
      "Sequence": 6,
      "UserRoles": [ "Admin" ],
      "NestedItems": [
        {
          "DisplayName": "Master Keys",
          "MaterialIcon": "data_usage",
          "Link": "/Configuration/MasterData/MasterKeys",
          "IsNested": false,
          "Sequence": 1,
          "UserRoles": [ "Admin" ],
          "NestedItems": []
        },
        {
          "DisplayName": "Master Values",
          "MaterialIcon": "settings_system_daydream",
          "Link": "/Configuration/MasterData/MasterValues",
          "IsNested": false,
          "Sequence": 2,
          "UserRoles": [ "Admin" ],
          "NestedItems": []
        }
      ]
    },
    {
      "DisplayName": "Settings",
      "MaterialIcon": "settings",
      "Link": "",
      "IsNested": true,
      "Sequence": 7,
      "UserRoles": [ "User", "Engineer", "Admin" ],
      "NestedItems": [
        {
          "DisplayName": "Profile",
          "MaterialIcon": "system_update_alt",
          "Link": "/Accounts/Account/Profile",
          "IsNested": false,
          "Sequence": 1,
          "UserRoles": [ "User", "Engineer", "Admin" ],
          "NestedItems": []
        },
        {
          "DisplayName": "Reset Password",
          "MaterialIcon": "lock_outline",
          "Link": "#!",
          "IsNested": false,
          "Sequence": 2,
          "UserRoles": [ "User", "Engineer", "Admin" ],
          "NestedItems": []
        }
      ]
    },
    {
      "DisplayName": "Logout",
      "MaterialIcon": "exit_to_app",
      "Link": "#!",
      "IsNested": false,
      "Sequence": 8,
      "UserRoles": [ "User", "Engineer", "Admin" ],
      "NestedItems": []
    }
  ]
}